species,pu,amount
401,KD-381,2881230
401,KF-381,9747913
401,KG-381,3132495
401,KH-381,22908620
401,KI-381,20966928
401,KI-382,45677
401,KJ-381,5924057
401,KJ-382,4828398
215,LD-381,10895542
215,LD-382,2921257
215,LE-381,25000000
215,LE-382,15215116
215,LE-383,3979840
215,LF-381,24332634
215,LF-382,25000000
215,LF-383,24787261
215,LF-384,1164275
215,LG-381,2522841
215,LG-382,4601555
215,LG-383,535917
215,LK-381,69018
215,LL-381,12536728
215,LL-382,7860371
215,LM-381,25000000
215,LM-382,11261539
215,LN-381,25000000
215,LN-382,25000000
215,LN-383,5219927
215,LO-381,25000000
215,LO-382,16961464
215,LO-383,942238
215,LP-381,25000000
215,LP-382,25000000
215,LP-383,13048525
215,LQ-381,25000000
215,LQ-382,22829938
215,LQ-383,1751684
215,LR-381,25000000
215,LR-382,25000000
215,LR-383,7796684
215,LS-381,25000000
215,LS-382,19536778
215,LT-381,6254755
215,LT-382,6282785
215,LT-383,1439493
401,JX-368,1972575
401,JX-369,1112537
401,JX-370,497101
401,JX-371,126265
401,JX-372,32
401,JY-368,24329090
401,JY-369,23633893
401,JY-370,22694094
401,JY-371,21509694
401,JY-372,20144944
401,JY-373,18722462
401,JY-374,17179236
401,JY-375,6070369
401,JZ-368,25000000
401,JZ-369,25000000
401,JZ-370,25000000
401,JZ-371,25000000
401,JZ-372,25000000
401,JZ-373,25000000
401,JZ-374,25000000
401,JZ-375,25000000
401,JZ-376,19332018
401,JZ-377,3578124
401,KA-368,25000000
401,KA-369,25000000
401,KA-370,25000000
401,KA-371,25000000
401,KA-372,25000000
401,KA-373,25000000
401,KA-374,25000000
401,KA-375,25000000
401,KA-376,25000000
401,KA-377,16545595
401,KA-378,1432973
401,KB-368,25000000
401,KB-369,25000000
401,KB-370,25000000
401,KB-371,25000000
401,KB-372,25000000
401,KB-373,25000000
401,KB-374,25000000
401,KB-375,25000000
401,KB-376,25000000
401,KB-377,25000000
401,KB-378,25000000
401,KB-379,13412616
401,KC-368,25000000
401,KC-369,25000000
401,KC-370,25000000
401,KC-371,25000000
401,KC-372,25000000
401,KC-373,25000000
401,KC-374,25000000
401,KC-375,25000000
401,KC-376,25000000
401,KC-377,25000000
401,KC-378,25000000
401,KC-379,24608107
401,KC-380,8683892
401,KD-368,25000000
401,KD-369,25000000
401,KD-370,25000000
401,KD-371,25000000
401,KD-372,25000000
401,KD-373,25000000
401,KD-374,25000000
401,KD-375,25000000
401,KD-376,25000000
401,KD-377,25000000
401,KD-378,25000000
401,KD-379,25000000
401,KD-380,25000000
401,KE-368,25000000
401,KE-369,25000000
401,KE-370,25000000
401,KE-371,25000000
401,KE-372,25000000
401,KE-373,25000000
401,KE-374,25000000
401,KE-375,25000000
401,KE-376,25000000
401,KE-377,25000000
401,KE-378,25000000
401,KE-379,25000000
401,KE-380,18804239
401,KF-368,25000000
401,KF-369,25000000
401,KF-370,25000000
401,KF-371,25000000
401,KF-372,25000000
401,KF-373,25000000
401,KF-374,25000000
401,KF-375,25000000
401,KF-376,25000000
401,KF-377,25000000
401,KF-378,25000000
401,KF-379,25000000
401,KF-380,25000000
401,KG-368,25000000
401,KG-369,25000000
401,KG-370,25000000
401,KG-371,25000000
401,KG-372,25000000
401,KG-373,25000000
401,KG-374,25000000
401,KG-375,25000000
401,KG-376,25000000
401,KG-377,25000000
401,KG-378,25000000
401,KG-379,25000000
401,KG-380,25000000
401,KH-368,25000000
401,KH-369,25000000
401,KH-370,25000000
401,KH-371,25000000
401,KH-372,25000000
401,KH-373,25000000
401,KH-374,25000000
401,KH-375,25000000
401,KH-376,25000000
401,KH-377,25000000
401,KH-378,25000000
401,KH-379,25000000
401,KH-380,25000000
401,KI-368,25000000
401,KI-369,25000000
401,KI-370,25000000
401,KI-371,25000000
401,KI-372,25000000
401,KI-373,25000000
401,KI-374,25000000
401,KI-375,25000000
401,KI-376,25000000
401,KI-377,25000000
401,KI-378,25000000
401,KI-379,25000000
401,KI-380,25000000
401,KJ-368,25000000
401,KJ-369,25000000
401,KJ-370,25000000
401,KJ-371,25000000
401,KJ-372,25000000
401,KJ-373,25000000
401,KJ-374,25000000
401,KJ-375,25000000
401,KJ-376,25000000
401,KJ-377,25000000
401,KJ-378,25000000
401,KJ-379,25000000
401,KJ-380,23637940
401,KK-368,25000000
401,KK-369,25000000
401,KK-370,25000000
401,KK-371,25000000
401,KK-372,25000000
401,KK-373,25000000
401,KK-374,25000000
401,KK-375,25000000
401,KK-376,25000000
401,KK-377,25000000
401,KK-378,25000000
401,KK-379,7514172
401,KK-380,530
401,KL-368,25000000
401,KL-369,25000000
401,KL-370,25000000
401,KL-371,25000000
401,KL-372,25000000
401,KL-373,25000000
401,KL-374,25000000
401,KL-375,25000000
401,KL-376,25000000
401,KL-377,25000000
401,KL-378,22824160
401,KL-379,3673873
401,KM-368,25000000
401,KM-369,25000000
401,KM-370,25000000
401,KM-371,25000000
401,KM-372,25000000
401,KM-373,25000000
401,KM-374,25000000
401,KM-375,25000000
401,KM-376,22688876
401,KM-377,7015433
401,KM-378,43869
401,KN-368,25000000
401,KN-369,25000000
401,KN-370,25000000
401,KN-371,25000000
401,KN-372,25000000
401,KN-373,24716304
401,KN-374,24025383
401,KN-375,24982926
401,KN-376,18970166
401,KN-377,1355369
401,KO-368,25000000
401,KO-369,25000000
401,KO-370,25000000
401,KO-371,18418438
401,KO-372,4172072
401,KO-373,1338310
401,KO-374,4602292
401,KO-375,1157095
401,KP-368,25000000
401,KP-369,24999999
215,KP-370,778552
401,KP-370,23731152
401,KP-371,11764111
401,KQ-368,25000000
215,KQ-369,5524136
401,KQ-369,17005976
215,KQ-370,21724422
401,KQ-370,497496
215,KQ-371,939356
215,KR-368,4238098
401,KR-368,17476097
215,KR-369,13224420
401,KR-369,7124287
215,KR-370,25000000
215,KR-371,24623467
215,KR-372,3956846
215,KS-368,24886182
215,KS-369,24597257
215,KS-370,25000000
215,KS-371,25000000
215,KS-372,9427104
215,KT-368,25000000
215,KT-369,25000000
215,KT-370,25000000
215,KT-371,25000000
215,KT-372,25000000
215,KT-373,14863296
215,KU-368,25000000
215,KU-369,25000000
215,KU-370,25000000
215,KU-371,20509999
215,KU-372,5145910
215,KV-368,25000000
215,KV-369,25000000
215,KV-370,25000000
215,KV-371,10327952
215,KW-368,25000000
215,KW-369,25000000
215,KW-370,10408773
215,KW-371,1547173
215,KW-372,160176
215,KX-368,25000000
215,KX-369,25000000
215,KX-370,25000000
215,KX-371,23523189
215,KX-372,22319920
215,KX-373,3482260
215,KY-368,25000000
215,KY-369,25000000
215,KY-370,25000000
215,KY-371,23528515
215,KY-372,278552
215,KZ-368,17828372
215,KZ-369,17604766
215,KZ-370,24477308
215,KZ-371,25000000
215,KZ-372,14448083
215,KZ-377,148392
215,LA-369,171855
215,LA-370,7936824
215,LA-371,9721907
215,LA-372,10351328
215,LA-373,9664146
215,LA-374,1643842
215,LA-377,14979943
215,LA-378,2962130
215,LB-368,4047341
215,LB-373,15870
215,LB-374,10304385
215,LB-375,9575605
215,LB-376,5164
215,LB-377,14397569
215,LB-378,24542563
215,LB-379,3159484
215,LC-368,12386305
215,LC-369,3036849
215,LC-374,16372472
215,LC-375,22774696
215,LC-376,23056105
215,LC-377,25000000
215,LC-378,24413235
215,LC-379,4104015
215,LD-368,24836234
215,LD-369,17140052
215,LD-370,10679972
215,LD-371,909312
215,LD-374,216331
215,LD-375,18312247
215,LD-376,24924090
215,LD-377,25000000
215,LD-378,25000000
215,LD-379,25000000
215,LD-380,17789091
215,LE-368,25000000
215,LE-369,24785365
215,LE-370,22199247
215,LE-371,6132710
215,LE-375,162295
215,LE-376,17040952
215,LE-377,25000000
215,LE-378,25000000
215,LE-379,25000000
215,LE-380,25000000
215,LF-368,25000000
215,LF-369,25000000
215,LF-370,25000000
215,LF-371,17560749
215,LF-372,22257739
215,LF-373,12187463
215,LF-374,785399
215,LF-376,388095
215,LF-377,18029115
215,LF-378,25000000
215,LF-379,25000000
215,LF-380,25000000
215,LG-368,25000000
215,LG-369,25000000
215,LG-370,25000000
215,LG-371,25000000
215,LG-372,25000000
215,LG-373,22958972
215,LG-374,12609055
215,LG-375,13463568
215,LG-376,20366267
215,LG-377,23860898
215,LG-378,23798530
215,LG-379,13783344
215,LG-380,4839257
215,LH-368,24886218
215,LH-369,25000000
215,LH-370,25000000
215,LH-371,25000000
215,LH-372,25000000
215,LH-373,25000000
215,LH-374,24969127
215,LH-375,24616398
215,LH-376,25000000
215,LH-377,25000000
215,LH-378,9461507
215,LH-379,183406
215,LI-368,21352981
215,LI-369,25000000
215,LI-370,25000000
215,LI-371,25000000
215,LI-372,25000000
215,LI-373,25000000
215,LI-374,25000000
215,LI-375,25000000
215,LI-376,25000000
215,LI-377,25000000
215,LI-378,8832394
215,LI-379,318316
215,LJ-368,1267135
215,LJ-369,16668453
215,LJ-370,21756019
215,LJ-371,24277563
215,LJ-372,23748582
215,LJ-373,25000000
215,LJ-374,25000000
215,LJ-375,25000000
215,LJ-376,25000000
215,LJ-377,25000000
215,LJ-378,25000000
215,LJ-379,19756361
215,LJ-380,22597
215,LK-370,7135091
215,LK-371,8757599
215,LK-372,25000000
215,LK-373,25000000
215,LK-374,25000000
215,LK-375,25000000
215,LK-376,25000000
215,LK-377,25000000
215,LK-378,25000000
215,LK-379,15240381
215,LL-372,11978168
215,LL-373,24453045
215,LL-374,24999999
215,LL-375,25000000
215,LL-376,25000000
215,LL-377,24999999
215,LL-378,25000000
215,LL-379,24999999
215,LL-380,14592457
215,LM-370,888
215,LM-371,16080795
215,LM-372,16788154
215,LM-373,21885148
215,LM-374,25000000
215,LM-375,25000000
215,LM-376,25000000
215,LM-377,25000000
215,LM-378,25000000
215,LM-379,25000000
215,LM-380,25000000
215,LN-368,4288813
215,LN-369,1216809
215,LN-370,11227907
215,LN-371,6732101
215,LN-372,15663265
215,LN-373,12492525
215,LN-374,24270335
215,LN-375,25000000
215,LN-376,25000000
215,LN-377,25000000
215,LN-378,25000000
215,LN-379,25000000
215,LN-380,25000000
215,LO-368,12232793
215,LO-369,23655538
215,LO-370,18334583
215,LO-371,4261208
215,LO-372,484439
215,LO-373,19933802
215,LO-374,25000000
215,LO-375,25000000
215,LO-376,25000000
215,LO-377,25000000
215,LO-378,25000000
215,LO-379,25000000
215,LO-380,25000000
215,LP-368,24931605
215,LP-369,10503785
215,LP-370,21542697
215,LP-371,13923748
215,LP-372,2340158
215,LP-373,12008565
215,LP-374,24973797
215,LP-375,25000000
215,LP-376,25000000
215,LP-377,25000000
215,LP-378,25000000
215,LP-379,25000000
215,LP-380,25000000
215,LQ-368,15599154
215,LQ-369,7671281
215,LQ-370,24712117
215,LQ-371,9642240
215,LQ-372,1631305
215,LQ-373,21060636
215,LQ-374,25000000
215,LQ-375,25000000
215,LQ-376,25000000
215,LQ-377,25000000
215,LQ-378,25000000
215,LQ-379,25000000
215,LQ-380,25000000
215,LR-368,24775088
215,LR-369,6906168
215,LR-370,24886840
215,LR-371,19459822
215,LR-373,6931611
215,LR-374,24225381
215,LR-375,25000000
215,LR-376,25000000
215,LR-377,25000000
215,LR-378,25000000
215,LR-379,25000000
215,LR-380,25000000
215,LS-368,24487560
215,LS-369,24642811
215,LS-370,25000000
215,LS-371,4054191
215,LS-372,4215221
215,LS-373,20096453
215,LS-374,25000000
215,LS-375,25000000
215,LS-376,25000000
215,LS-377,25000000
215,LS-378,25000000
215,LS-379,25000000
215,LS-380,25000000
215,LT-368,17132764
215,LT-369,22370391
215,LT-370,23729661
215,LT-371,21501781
215,LT-372,23500559
215,LT-373,23657491
215,LT-374,23308421
215,LT-375,19751547
215,LT-376,15370577
215,LT-377,10957894
215,LT-378,6928573
215,LT-379,6198252
215,LT-380,6226504
215,LU-369,813659
215,LU-370,858104
215,LU-371,903731
215,LU-372,950539
215,LU-373,998530
215,LU-374,86264
401,JW-339,93609
401,JW-340,7035795
401,JW-341,14242349
401,JX-341,6113428
401,JY-341,203969
401,KG-341,1708169
401,KH-336,6567991
401,KH-337,1769594
401,KI-335,15742023
401,KI-336,25000000
401,KI-337,19464948
401,KI-338,14239656
401,KI-339,12827796
401,KI-340,19706517
401,KI-341,15830995
401,KJ-335,2038025
401,KJ-336,25000000
401,KJ-337,25000000
401,KJ-338,25000000
401,KJ-339,25000000
401,KJ-340,25000000
401,KJ-341,25000000
401,KK-335,16056065
401,KK-336,25000000
401,KK-337,25000000
401,KK-338,25000000
401,KK-339,25000000
401,KK-340,25000000
401,KK-341,25000000
401,KL-335,2157740
401,KL-336,25000000
401,KL-337,25000000
401,KL-338,25000000
401,KL-339,25000000
401,KL-340,25000000
401,KL-341,25000000
401,KM-335,16228682
401,KM-336,25000000
401,KM-337,25000000
401,KM-338,25000000
401,KM-339,25000000
401,KM-340,25000000
401,KM-341,25000000
401,KN-335,2278599
401,KN-336,25000000
401,KN-337,25000000
401,KN-338,25000000
401,KN-339,25000000
401,KN-340,25000000
401,KN-341,25000000
401,KO-335,16400155
401,KO-336,25000000
401,KO-337,25000000
401,KO-338,25000000
401,KO-339,25000000
401,KO-340,25000000
401,KO-341,25000000
401,KP-335,2400601
401,KP-336,25000000
401,KP-337,25000000
401,KP-338,24999999
401,KP-339,25000000
401,KP-340,24999999
401,KP-341,25000000
401,KQ-335,16570484
401,KQ-336,25000000
401,KQ-337,25000000
401,KQ-338,25000000
401,KQ-339,25000000
401,KQ-340,25000000
401,KQ-341,25000000
401,KR-335,2523748
401,KR-336,25000000
401,KR-337,25000000
401,KR-338,25000000
401,KR-339,25000000
401,KR-340,25000000
401,KR-341,25000000
401,KS-335,16739669
401,KS-336,25000000
401,KS-337,25000000
401,KS-338,25000000
401,KS-339,25000000
401,KS-340,25000000
401,KS-341,25000000
401,KT-335,2648039
401,KT-336,25000000
401,KT-337,25000000
401,KT-338,25000000
401,KT-339,25000000
401,KT-340,25000000
401,KT-341,25000000
401,KU-335,16907711
401,KU-336,25000000
401,KU-337,25000000
401,KU-338,25000000
401,KU-339,25000000
401,KU-340,25000000
401,KU-341,25000000
401,KV-335,2773473
401,KV-336,25000000
401,KV-337,25000000
401,KV-338,25000000
401,KV-339,25000000
401,KV-340,25000000
401,KV-341,25000000
401,KW-335,17074608
401,KW-336,25000000
401,KW-337,25000000
401,KW-338,25000000
401,KW-339,25000000
401,KW-340,25000000
401,KW-341,25000000
401,KX-335,2900051
401,KX-336,25000000
401,KX-337,25000000
401,KX-338,25000000
401,KX-339,25000000
401,KX-340,25000000
401,KX-341,25000000
401,KY-335,17240361
401,KY-336,25000000
401,KY-337,25000000
401,KY-338,25000000
401,KY-339,25000000
401,KY-340,25000000
401,KY-341,25000000
401,KZ-335,3027774
401,KZ-336,25000000
401,KZ-337,25000000
401,KZ-338,25000000
401,KZ-339,25000000
401,KZ-340,25000000
401,KZ-341,25000000
401,LA-335,17388155
401,LA-336,25000000
401,LA-337,25000000
401,LA-338,25000000
401,LA-339,25000000
401,LA-340,25000000
401,LA-341,25000000
401,LB-335,3048693
401,LB-336,25000000
401,LB-337,25000000
401,LB-338,25000000
401,LB-339,25000000
401,LB-340,25000000
401,LB-341,25000000
401,LC-335,6542877
401,LC-336,25000000
401,LC-337,25000000
401,LC-338,25000000
401,LC-339,25000000
401,LC-340,25000000
401,LC-341,25000000
401,LD-336,3258065
401,LD-337,24488852
401,LD-338,25000000
401,LD-339,25000000
401,LD-340,25000000
401,LD-341,25000000
401,LE-336,875661
401,LE-337,22477010
401,LE-338,25000000
401,LE-339,25000000
401,LE-340,25000000
401,LE-341,25000000
401,LF-337,3884
401,LF-338,19337136
401,LF-339,25000000
401,LF-340,25000000
401,LF-341,25000000
401,LG-338,15851756
401,LG-339,25000000
401,LG-340,25000000
401,LG-341,25000000
401,LH-339,12364841
401,LH-340,25000000
401,LH-341,25000000
401,LI-339,8877925
401,LI-340,25000000
401,LI-341,25000000
401,LJ-340,5397695
401,LJ-341,24983091
401,LK-340,2312467
401,LK-341,23993027
401,LL-341,418911
401,JW-342,12819853
401,JW-343,11397356
401,JW-344,9974860
401,JW-345,8552363
401,JW-346,7129867
401,JW-347,5707370
401,JW-348,4294595
401,JW-349,2986201
401,JW-350,1899842
401,JW-351,1058085
401,JW-352,460929
401,JW-353,108374
401,JX-342,24525485
401,JX-343,25000000
401,JX-344,25000000
401,JX-345,25000000
401,JX-346,25000000
401,JX-347,25000000
401,JX-348,25000000
401,JX-349,24978744
401,JX-350,24754468
401,JX-351,24285591
401,JX-352,23572113
401,JX-353,22614034
401,JX-354,21411581
401,JY-342,14051469
401,JY-343,25000000
401,JY-344,25000000
401,JY-345,25000000
401,JY-346,25000000
401,JY-347,25000000
401,JY-348,25000000
401,JY-349,25000000
401,JY-350,25000000
401,JY-351,25000000
401,JY-352,25000000
401,JY-353,25000000
401,JY-354,25000000
401,JZ-343,4562573
401,JZ-344,25000000
401,JZ-345,25000000
401,JZ-346,25000000
401,JZ-347,25000000
401,JZ-348,25000000
401,JZ-349,25000000
401,JZ-350,25000000
401,JZ-351,25000000
401,JZ-352,25000000
401,JZ-353,25000000
401,JZ-354,25000000
401,KA-343,2147806
401,KA-344,13658270
401,KA-345,25000000
401,KA-346,25000000
401,KA-347,25000000
401,KA-348,25000000
401,KA-349,25000000
401,KA-350,25000000
401,KA-351,25000000
401,KA-352,25000000
401,KA-353,25000000
401,KA-354,25000000
401,KB-345,2196315
401,KB-346,14443141
401,KB-347,21764626
401,KB-348,25000000
401,KB-349,25000000
401,KB-350,25000000
401,KB-351,25000000
401,KB-352,25000000
401,KB-353,25000000
401,KB-354,25000000
401,KC-346,6240870
401,KC-347,9909970
401,KC-348,19946965
401,KC-349,25000000
401,KC-350,25000000
401,KC-351,25000000
401,KC-352,25000000
401,KC-353,25000000
401,KC-354,25000000
401,KD-343,62827
401,KD-344,3176775
401,KD-346,10317410
401,KD-347,25000000
401,KD-348,25000000
401,KD-349,25000000
401,KD-350,25000000
401,KD-351,25000000
401,KD-352,25000000
401,KD-353,25000000
401,KD-354,25000000
401,KE-343,18584985
401,KE-344,12541358
401,KE-345,13439417
401,KE-346,24896811
401,KE-347,25000000
401,KE-348,25000000
401,KE-349,25000000
401,KE-350,25000000
401,KE-351,25000000
401,KE-352,25000000
401,KE-353,25000000
401,KE-354,25000000
401,KF-342,9095876
401,KF-343,23773811
401,KF-344,25000000
401,KF-345,25000000
401,KF-346,25000000
401,KF-347,25000000
401,KF-348,25000000
401,KF-349,25000000
401,KF-350,25000000
401,KF-351,25000000
401,KF-352,25000000
401,KF-353,25000000
401,KF-354,25000000
401,KG-342,21709014
401,KG-343,25000000
401,KG-344,25000000
401,KG-345,25000000
401,KG-346,25000000
401,KG-347,25000000
401,KG-348,25000000
401,KG-349,25000000
401,KG-350,25000000
401,KG-351,25000000
401,KG-352,25000000
401,KG-353,25000000
401,KG-354,25000000
401,KH-342,4619318
401,KH-343,23106722
401,KH-344,25000000
401,KH-345,25000000
401,KH-346,25000000
401,KH-347,25000000
401,KH-348,25000000
401,KH-349,25000000
401,KH-350,25000000
401,KH-351,25000000
401,KH-352,25000000
401,KH-353,25000000
401,KH-354,25000000
401,KI-342,12647985
401,KI-343,24758063
401,KI-344,25000000
401,KI-345,25000000
401,KI-346,25000000
401,KI-347,25000000
401,KI-348,25000000
401,KI-349,25000000
401,KI-350,25000000
401,KI-351,25000000
401,KI-352,25000000
401,KI-353,25000000
401,KI-354,25000000
401,KJ-342,25000000
401,KJ-343,25000000
401,KJ-344,25000000
401,KJ-345,25000000
401,KJ-346,25000000
401,KJ-347,25000000
401,KJ-348,25000000
401,KJ-349,25000000
401,KJ-350,25000000
401,KJ-351,25000000
401,KJ-352,25000000
401,KJ-353,25000000
401,KJ-354,25000000
401,KK-342,25000000
401,KK-343,25000000
401,KK-344,25000000
401,KK-345,25000000
401,KK-346,25000000
401,KK-347,25000000
401,KK-348,25000000
401,KK-349,25000000
401,KK-350,25000000
401,KK-351,25000000
401,KK-352,25000000
401,KK-353,25000000
401,KK-354,25000000
401,KL-342,25000000
401,KL-343,25000000
401,KL-344,25000000
401,KL-345,25000000
401,KL-346,25000000
401,KL-347,25000000
401,KL-348,25000000
401,KL-349,25000000
401,KL-350,25000000
401,KL-351,25000000
401,KL-352,25000000
401,KL-353,25000000
401,KL-354,25000000
401,KM-342,25000000
401,KM-343,25000000
401,KM-344,25000000
401,KM-345,25000000
401,KM-346,25000000
401,KM-347,25000000
401,KM-348,25000000
401,KM-349,25000000
401,KM-350,25000000
401,KM-351,25000000
401,KM-352,25000000
401,KM-353,25000000
401,KM-354,25000000
401,KN-342,25000000
401,KN-343,25000000
401,KN-344,25000000
401,KN-345,25000000
401,KN-346,25000000
401,KN-347,25000000
401,KN-348,25000000
401,KN-349,25000000
401,KN-350,25000000
401,KN-351,25000000
401,KN-352,25000000
401,KN-353,25000000
401,KN-354,25000000
401,KO-342,25000000
401,KO-343,25000000
401,KO-344,25000000
401,KO-345,25000000
401,KO-346,25000000
401,KO-347,25000000
401,KO-348,25000000
401,KO-349,25000000
401,KO-350,25000000
401,KO-351,25000000
401,KO-352,25000000
401,KO-353,25000000
401,KO-354,25000000
401,KP-342,24999999
401,KP-343,25000000
401,KP-344,25000000
401,KP-345,24999999
401,KP-346,25000000
401,KP-347,24999999
401,KP-348,25000000
401,KP-349,25000000
401,KP-350,24999999
401,KP-351,25000000
401,KP-352,24999999
401,KP-353,25000000
401,KP-354,25000000
401,KQ-342,25000000
401,KQ-343,25000000
401,KQ-344,25000000
401,KQ-345,25000000
401,KQ-346,25000000
401,KQ-347,25000000
401,KQ-348,25000000
401,KQ-349,25000000
401,KQ-350,25000000
401,KQ-351,25000000
401,KQ-352,25000000
401,KQ-353,25000000
401,KQ-354,25000000
401,KR-342,25000000
401,KR-343,25000000
401,KR-344,25000000
401,KR-345,25000000
401,KR-346,25000000
401,KR-347,25000000
401,KR-348,25000000
401,KR-349,25000000
401,KR-350,25000000
401,KR-351,25000000
401,KR-352,25000000
401,KR-353,25000000
401,KR-354,25000000
401,KS-342,25000000
401,KS-343,25000000
401,KS-344,25000000
401,KS-345,25000000
401,KS-346,25000000
401,KS-347,25000000
401,KS-348,25000000
401,KS-349,25000000
401,KS-350,25000000
401,KS-351,25000000
401,KS-352,25000000
401,KS-353,25000000
401,KS-354,25000000
401,KT-342,25000000
401,KT-343,25000000
401,KT-344,25000000
401,KT-345,25000000
401,KT-346,25000000
401,KT-347,25000000
401,KT-348,25000000
401,KT-349,25000000
401,KT-350,25000000
401,KT-351,25000000
401,KT-352,25000000
401,KT-353,25000000
401,KT-354,25000000
401,KU-342,25000000
401,KU-343,25000000
401,KU-344,25000000
401,KU-345,25000000
401,KU-346,25000000
401,KU-347,25000000
401,KU-348,25000000
401,KU-349,25000000
401,KU-350,25000000
401,KU-351,25000000
401,KU-352,25000000
401,KU-353,25000000
401,KU-354,25000000
401,KV-342,25000000
401,KV-343,25000000
401,KV-344,25000000
401,KV-345,25000000
401,KV-346,25000000
401,KV-347,25000000
401,KV-348,25000000
401,KV-349,25000000
401,KV-350,25000000
215,KV-351,21251
401,KV-351,25000000
401,KV-352,25000000
401,KV-353,25000000
401,KV-354,25000000
401,KW-342,25000000
401,KW-343,25000000
401,KW-344,25000000
401,KW-345,25000000
401,KW-346,25000000
401,KW-347,25000000
401,KW-348,25000000
215,KW-349,1199989
401,KW-349,25000000
215,KW-350,9585178
401,KW-350,25000000
215,KW-351,5002672
401,KW-351,25000000
401,KW-352,25000000
401,KW-353,25000000
401,KW-354,25000000
401,KX-342,25000000
401,KX-343,25000000
401,KX-344,25000000
401,KX-345,25000000
401,KX-346,25000000
401,KX-347,25000000
401,KX-348,25000000
215,KX-349,8806277
401,KX-349,25000000
215,KX-350,20255422
401,KX-350,25000000
215,KX-351,19508272
401,KX-351,25000000
401,KX-352,25000000
401,KX-353,25000000
401,KX-354,25000000
401,KY-342,25000000
401,KY-343,25000000
401,KY-344,25000000
401,KY-345,25000000
401,KY-346,25000000
401,KY-347,25000000
215,KY-348,5594787
401,KY-348,25000000
215,KY-349,7126630
401,KY-349,25000000
215,KY-350,16642315
401,KY-350,25000000
215,KY-351,168914
401,KY-351,25000000
401,KY-352,25000000
401,KY-353,25000000
401,KY-354,25000000
401,KZ-342,25000000
401,KZ-343,25000000
401,KZ-344,25000000
401,KZ-345,25000000
401,KZ-346,25000000
401,KZ-347,25000000
215,KZ-348,490180
401,KZ-348,25000000
215,KZ-349,10684926
401,KZ-349,25000000
215,KZ-350,347504
401,KZ-350,25000000
215,KZ-351,85394
401,KZ-351,25000000
401,KZ-352,25000000
401,KZ-353,25000000
401,KZ-354,25000000
401,LA-342,25000000
401,LA-343,25000000
401,LA-344,25000000
401,LA-345,25000000
401,LA-346,25000000
215,LA-347,5377797
401,LA-347,25000000
215,LA-348,11376631
401,LA-348,25000000
215,LA-349,5773610
401,LA-349,25000000
215,LA-350,566731
401,LA-350,25000000
401,LA-351,25000000
401,LA-352,25000000
401,LA-353,25000000
401,LA-354,25000000
401,LB-342,25000000
401,LB-343,25000000
401,LB-344,25000000
401,LB-345,25000000
401,LB-346,25000000
401,LB-347,25000000
215,LB-348,8394460
401,LB-348,25000000
215,LB-349,18086889
401,LB-349,25000000
215,LB-350,12904531
401,LB-350,25000000
215,LB-351,5393687
401,LB-351,25000000
401,LB-352,25000000
401,LB-353,25000000
401,LB-354,25000000
401,LC-342,25000000
401,LC-343,25000000
401,LC-344,25000000
401,LC-345,25000000
401,LC-346,25000000
215,LC-347,1453872
401,LC-347,25000000
215,LC-348,7391371
401,LC-348,25000000
215,LC-349,21007103
401,LC-349,25000000
215,LC-350,15250386
401,LC-350,25000000
215,LC-351,4600650
401,LC-351,25000000
401,LC-352,25000000
401,LC-353,25000000
401,LC-354,25000000
401,LD-342,25000000
401,LD-343,25000000
401,LD-344,25000000
401,LD-345,25000000
401,LD-346,25000000
401,LD-347,25000000
215,LD-348,1899138
401,LD-348,25000000
215,LD-349,1184121
401,LD-349,25000000
215,LD-350,9329706
401,LD-350,25000000
215,LD-351,8323614
401,LD-351,25000000
215,LD-352,3994813
401,LD-352,25000000
215,LD-353,2650765
401,LD-353,25000000
401,LD-354,25000000
401,LE-342,25000000
401,LE-343,25000000
401,LE-344,25000000
401,LE-345,25000000
401,LE-346,25000000
401,LE-347,25000000
401,LE-348,25000000
401,LE-349,25000000
215,LE-350,2525768
401,LE-350,25000000
215,LE-351,6963038
401,LE-351,25000000
215,LE-352,11506430
401,LE-352,25000000
215,LE-353,6151782
401,LE-353,25000000
401,LE-354,25000000
401,LF-342,25000000
401,LF-343,25000000
401,LF-344,25000000
401,LF-345,25000000
401,LF-346,25000000
401,LF-347,25000000
401,LF-348,25000000
401,LF-349,25000000
401,LF-350,25000000
401,LF-351,25000000
401,LF-352,25000000
215,LF-353,9349090
401,LF-353,25000000
401,LF-354,25000000
401,LG-342,25000000
401,LG-343,25000000
401,LG-344,25000000
401,LG-345,25000000
401,LG-346,25000000
401,LG-347,25000000
401,LG-348,25000000
401,LG-349,25000000
401,LG-350,25000000
215,LG-351,11503
401,LG-351,25000000
215,LG-352,4719897
401,LG-352,23684031
215,LG-353,12119476
401,LG-353,16386999
215,LG-354,6508804
401,LG-354,15674227
401,LH-342,25000000
401,LH-343,25000000
401,LH-344,25000000
401,LH-345,25000000
401,LH-346,25000000
401,LH-347,25000000
401,LH-348,25000000
215,LH-349,1523339
401,LH-349,25000000
215,LH-350,3103164
401,LH-350,25000000
215,LH-351,6945591
401,LH-351,25000000
215,LH-352,8538780
401,LH-352,24369253
215,LH-353,15231205
401,LH-353,6310886
215,LH-354,21032486
401,LH-354,1483522
401,LI-342,25000000
401,LI-343,25000000
401,LI-344,25000000
401,LI-345,25000000
401,LI-346,25000000
401,LI-347,25000000
401,LI-348,25000000
215,LI-349,3109657
401,LI-349,25000000
215,LI-350,6307241
401,LI-350,25000000
215,LI-351,364704
401,LI-351,25000000
215,LI-352,1858155
401,LI-352,23368479
401,LI-353,24832892
215,LI-354,3865220
401,LI-354,19729212
401,LJ-342,25000000
401,LJ-343,25000000
401,LJ-344,25000000
401,LJ-345,25000000
401,LJ-346,25000000
401,LJ-347,25000000
401,LJ-348,25000000
401,LJ-349,25000000
401,LJ-350,25000000
401,LJ-351,25000000
401,LJ-352,25000000
401,LJ-353,25000000
401,LJ-354,25000000
401,LK-342,25000000
401,LK-343,25000000
401,LK-344,25000000
401,LK-345,25000000
401,LK-346,25000000
401,LK-347,25000000
401,LK-348,25000000
401,LK-349,25000000
401,LK-350,25000000
401,LK-351,25000000
401,LK-352,25000000
401,LK-353,25000000
401,LK-354,25000000
401,LL-342,21508086
401,LL-343,25000000
401,LL-344,25000000
401,LL-345,24999999
401,LL-346,25000000
401,LL-347,24999999
401,LL-348,25000000
401,LL-349,25000000
401,LL-350,24999999
401,LL-351,25000000
401,LL-352,24999999
401,LL-353,25000000
401,LL-354,25000000
401,LM-342,18186805
401,LM-343,25000000
401,LM-344,25000000
401,LM-345,25000000
401,LM-346,25000000
401,LM-347,25000000
401,LM-348,25000000
401,LM-349,25000000
401,LM-350,25000000
401,LM-351,25000000
401,LM-352,25000000
401,LM-353,25000000
401,LM-354,25000000
401,LN-343,14699890
401,LN-344,25000000
401,LN-345,25000000
401,LN-346,25000000
401,LN-347,25000000
401,LN-348,25000000
401,LN-349,25000000
401,LN-350,25000000
401,LN-351,25000000
401,LN-352,25000000
401,LN-353,25000000
401,LN-354,25000000
401,LO-343,11212974
401,LO-344,25000000
401,LO-345,25000000
401,LO-346,25000000
401,LO-347,25000000
401,LO-348,25000000
401,LO-349,25000000
401,LO-350,25000000
401,LO-351,25000000
401,LO-352,25000000
401,LO-353,25000000
401,LO-354,25000000
401,LP-344,7726059
401,LP-345,25000000
401,LP-346,25000000
401,LP-347,25000000
401,LP-348,25000000
401,LP-349,25000000
401,LP-350,25000000
401,LP-351,25000000
401,LP-352,25000000
401,LP-353,25000000
401,LP-354,25000000
401,LQ-344,4308415
401,LQ-345,24824801
401,LQ-346,25000000
401,LQ-347,25000000
401,LQ-348,25000000
401,LQ-349,25000000
401,LQ-350,25000000
401,LQ-351,25000000
401,LQ-352,25000000
401,LQ-353,25000000
401,LQ-354,25000000
401,LR-345,1518183
401,LR-346,23330699
401,LR-347,25000000
401,LR-348,25000000
401,LR-349,25000000
401,LR-350,25000000
401,LR-351,25000000
401,LR-352,25000000
401,LR-353,25000000
401,LR-354,21910059
401,LS-345,128666
401,LS-346,20470980
401,LS-347,25000000
401,LS-348,25000000
401,LS-349,25000000
401,LS-350,25000000
401,LS-351,25000000
401,LS-352,25000000
401,LS-353,23384211
401,LS-354,1130640
401,LT-347,17034938
401,LT-348,25000000
401,LT-349,25000000
401,LT-350,25000000
401,LT-351,25000000
401,LT-352,25000000
401,LT-353,25000000
401,LT-354,5258161
401,LU-347,13548023
401,LU-348,25000000
401,LU-349,25000000
401,LU-350,25000000
401,LU-351,25000000
401,LU-352,24668447
401,LU-353,14048436
401,LV-348,10061107
401,LV-349,25000000
401,LV-350,25000000
401,LV-351,19885584
401,LV-352,5973310
401,LV-353,1354012
401,LW-348,6574191
401,LW-349,22008364
401,LW-350,6792559
401,LW-351,104001
401,LX-349,3284970
401,LX-350,9937119
401,LY-349,629220
401,JX-355,20038647
401,JX-356,18616150
401,JX-357,17193654
401,JX-358,15771158
401,JX-359,14348661
401,JX-360,12926164
401,JX-361,11503668
401,JX-362,10081171
401,JX-363,8658675
401,JX-364,7236178
401,JX-365,5813682
401,JX-366,4397734
401,JX-367,3077214
401,JY-355,25000000
401,JY-356,25000000
401,JY-357,25000000
401,JY-358,25000000
401,JY-359,25000000
401,JY-360,25000000
401,JY-361,25000000
401,JY-362,25000000
401,JY-363,25000000
401,JY-364,25000000
401,JY-365,25000000
401,JY-366,24985682
401,JY-367,24779687
401,JZ-355,25000000
401,JZ-356,25000000
401,JZ-357,25000000
401,JZ-358,25000000
401,JZ-359,25000000
401,JZ-360,25000000
401,JZ-361,25000000
401,JZ-362,25000000
401,JZ-363,25000000
401,JZ-364,25000000
401,JZ-365,25000000
401,JZ-366,25000000
401,JZ-367,25000000
401,KA-355,25000000
401,KA-356,25000000
401,KA-357,25000000
401,KA-358,25000000
401,KA-359,25000000
401,KA-360,25000000
401,KA-361,25000000
401,KA-362,25000000
401,KA-363,25000000
401,KA-364,25000000
401,KA-365,25000000
401,KA-366,25000000
401,KA-367,25000000
401,KB-355,25000000
401,KB-356,25000000
401,KB-357,25000000
401,KB-358,25000000
401,KB-359,25000000
401,KB-360,25000000
401,KB-361,25000000
401,KB-362,25000000
401,KB-363,25000000
401,KB-364,25000000
401,KB-365,25000000
401,KB-366,25000000
401,KB-367,25000000
401,KC-355,25000000
401,KC-356,25000000
401,KC-357,25000000
401,KC-358,25000000
401,KC-359,25000000
401,KC-360,25000000
401,KC-361,25000000
401,KC-362,25000000
401,KC-363,25000000
401,KC-364,25000000
401,KC-365,25000000
401,KC-366,25000000
401,KC-367,25000000
401,KD-355,25000000
401,KD-356,25000000
401,KD-357,25000000
401,KD-358,25000000
401,KD-359,25000000
401,KD-360,25000000
401,KD-361,25000000
401,KD-362,25000000
401,KD-363,25000000
401,KD-364,25000000
401,KD-365,25000000
401,KD-366,25000000
401,KD-367,25000000
401,KE-355,25000000
401,KE-356,25000000
401,KE-357,25000000
401,KE-358,25000000
401,KE-359,25000000
401,KE-360,25000000
401,KE-361,25000000
401,KE-362,25000000
401,KE-363,25000000
401,KE-364,25000000
401,KE-365,25000000
401,KE-366,25000000
401,KE-367,25000000
401,KF-355,25000000
401,KF-356,25000000
401,KF-357,25000000
401,KF-358,25000000
401,KF-359,25000000
401,KF-360,25000000
401,KF-361,25000000
401,KF-362,25000000
401,KF-363,25000000
401,KF-364,25000000
401,KF-365,25000000
401,KF-366,25000000
401,KF-367,25000000
401,KG-355,25000000
401,KG-356,25000000
401,KG-357,25000000
401,KG-358,25000000
401,KG-359,25000000
401,KG-360,25000000
401,KG-361,25000000
401,KG-362,25000000
401,KG-363,25000000
401,KG-364,25000000
401,KG-365,25000000
401,KG-366,25000000
401,KG-367,25000000
401,KH-355,25000000
401,KH-356,25000000
401,KH-357,25000000
401,KH-358,25000000
401,KH-359,25000000
401,KH-360,25000000
401,KH-361,25000000
401,KH-362,25000000
401,KH-363,25000000
401,KH-364,25000000
401,KH-365,25000000
401,KH-366,25000000
401,KH-367,25000000
401,KI-355,25000000
401,KI-356,25000000
401,KI-357,25000000
401,KI-358,25000000
401,KI-359,24735839
401,KI-360,25000000
215,KI-361,422923
401,KI-361,24196069
401,KI-362,25000000
401,KI-363,25000000
401,KI-364,25000000
401,KI-365,25000000
401,KI-366,25000000
401,KI-367,25000000
401,KJ-355,25000000
401,KJ-356,25000000
401,KJ-357,25000000
401,KJ-358,25000000
215,KJ-359,97515
401,KJ-359,23221848
215,KJ-360,16015332
401,KJ-360,7004739
215,KJ-361,5337619
401,KJ-361,16466600
215,KJ-362,13136266
401,KJ-362,12019492
401,KJ-363,25000000
401,KJ-364,25000000
401,KJ-365,25000000
401,KJ-366,25000000
401,KJ-367,25000000
401,KK-355,25000000
401,KK-356,25000000
401,KK-357,25000000
215,KK-358,652819
401,KK-358,24176275
215,KK-359,9276512
401,KK-359,14660884
215,KK-360,24138257
401,KK-360,562590
215,KK-361,20855792
401,KK-361,2655207
215,KK-362,22526853
401,KK-362,2724003
215,KK-363,7542349
401,KK-363,18664491
401,KK-364,25000000
401,KK-365,25000000
401,KK-366,25000000
401,KK-367,25000000
401,KL-355,25000000
401,KL-356,25000000
401,KL-357,25000000
401,KL-358,25000000
215,KL-359,8119759
401,KL-359,15391343
215,KL-360,24996583
215,KL-361,25000000
215,KL-362,25000000
215,KL-363,25000000
215,KL-364,6729167
401,KL-364,19699667
401,KL-365,25000000
401,KL-366,25000000
401,KL-367,25000000
401,KM-355,25000000
401,KM-356,25000000
401,KM-357,25000000
215,KM-358,245699
401,KM-358,24987913
215,KM-359,16368774
401,KM-359,6346849
215,KM-360,25000000
215,KM-361,25000000
215,KM-362,25000000
215,KM-363,23349459
401,KM-363,2360810
215,KM-364,178013
401,KM-364,25000000
401,KM-365,25000000
401,KM-366,25000000
401,KM-367,25000000
401,KN-355,25000000
401,KN-356,25000000
401,KN-357,25000000
401,KN-358,25000000
215,KN-359,8557796
401,KN-359,15259615
215,KN-360,24984068
215,KN-361,25000000
215,KN-362,25000000
215,KN-363,25000000
215,KN-364,12260640
401,KN-364,15221758
401,KN-365,25000000
401,KN-366,25000000
401,KN-367,25000000
401,KO-355,25000000
401,KO-356,25000000
401,KO-357,25000000
401,KO-358,25000000
215,KO-359,17023951
401,KO-359,6637094
215,KO-360,25000000
215,KO-361,25000000
215,KO-362,25000000
215,KO-363,25000000
215,KO-364,7611393
401,KO-364,18403498
401,KO-365,25000000
401,KO-366,25000000
401,KO-367,25000000
401,KP-355,24999999
401,KP-356,25000000
401,KP-357,24999999
401,KP-358,25000000
215,KP-359,385566
401,KP-359,22830088
215,KP-360,24365822
215,KP-361,25000000
215,KP-362,24999999
215,KP-363,25000000
215,KP-364,24999999
401,KP-364,43283
215,KP-365,2225163
401,KP-365,23836236
401,KP-366,25000000
401,KP-367,24999999
401,KQ-355,25000000
401,KQ-356,25000000
401,KQ-357,25000000
401,KQ-358,25000000
215,KQ-359,15127795
401,KQ-359,6983991
215,KQ-360,19326044
215,KQ-361,25000000
215,KQ-362,25000000
215,KQ-363,25000000
215,KQ-364,23438108
401,KQ-364,1119625
215,KQ-365,1355154
401,KQ-365,23258366
401,KQ-366,25000000
401,KQ-367,25000000
401,KR-355,25000000
401,KR-356,25000000
401,KR-357,25000000
401,KR-358,25000000
215,KR-359,8190079
401,KR-359,11541366
215,KR-360,24137885
215,KR-361,25000000
215,KR-362,25000000
215,KR-363,25000000
215,KR-364,25000000
215,KR-365,19871982
401,KR-365,6281336
401,KR-366,24853152
215,KR-367,7481485
401,KR-367,14063321
401,KS-355,25000000
401,KS-356,25000000
401,KS-357,25000000
215,KS-358,10259035
401,KS-358,11654277
215,KS-359,24954557
215,KS-360,25000000
215,KS-361,25000000
215,KS-362,25000000
215,KS-363,25000000
215,KS-364,25000000
215,KS-365,19169049
401,KS-365,3970077
215,KS-366,22258619
401,KS-366,538832
215,KS-367,25000000
401,KT-355,25000000
401,KT-356,25000000
401,KT-357,24755631
215,KT-358,16446632
401,KT-358,5208890
215,KT-359,25000000
215,KT-360,25000000
215,KT-361,25000000
215,KT-362,25000000
215,KT-363,25000000
215,KT-364,25000000
215,KT-365,25000000
215,KT-366,25000000
215,KT-367,25000000
401,KU-355,25000000
401,KU-356,23907753
215,KU-357,18476691
401,KU-357,2593751
215,KU-358,25000000
215,KU-359,25000000
215,KU-360,25000000
215,KU-361,25000000
215,KU-362,25000000
215,KU-363,25000000
215,KU-364,25000000
215,KU-365,25000000
215,KU-366,25000000
215,KU-367,25000000
401,KV-355,25000000
401,KV-356,25000000
215,KV-357,517569
401,KV-357,22743770
215,KV-358,12681188
401,KV-358,10622308
215,KV-359,25000000
215,KV-360,25000000
215,KV-361,25000000
215,KV-362,25000000
215,KV-363,25000000
215,KV-364,25000000
215,KV-365,25000000
215,KV-366,25000000
215,KV-367,25000000
401,KW-355,25000000
401,KW-356,25000000
401,KW-357,25000000
215,KW-358,2276780
401,KW-358,21468134
215,KW-359,12847790
401,KW-359,12162821
215,KW-360,18805228
401,KW-360,6626429
215,KW-361,24513654
215,KW-362,25000000
215,KW-363,25000000
215,KW-364,25000000
215,KW-365,25000000
215,KW-366,25000000
215,KW-367,25000000
401,KX-355,25000000
401,KX-356,25000000
401,KX-357,25000000
401,KX-358,25000000
401,KX-359,25000000
401,KX-360,25000000
215,KX-361,1039101
401,KX-361,23699899
215,KX-362,8257992
401,KX-362,17230787
215,KX-363,19978921
401,KX-363,5499117
215,KX-364,25000000
215,KX-365,25000000
215,KX-366,25000000
215,KX-367,25000000
401,KY-355,25000000
401,KY-356,25000000
401,KY-357,25000000
401,KY-358,25000000
401,KY-359,25000000
401,KY-360,25000000
401,KY-361,25000000
215,KY-362,2297552
401,KY-362,20275442
215,KY-363,22139178
401,KY-363,1730256
215,KY-364,25000000
215,KY-365,25000000
215,KY-366,25000000
215,KY-367,25000000
401,KZ-355,25000000
401,KZ-356,25000000
401,KZ-357,25000000
401,KZ-358,25000000
401,KZ-359,25000000
401,KZ-360,25000000
401,KZ-361,25000000
215,KZ-362,252727
401,KZ-362,24965134
215,KZ-363,20604297
401,KZ-363,2479261
215,KZ-364,25000000
215,KZ-365,25000000
215,KZ-366,25000000
215,KZ-367,20235559
401,LA-355,25000000
401,LA-356,25000000
401,LA-357,25000000
401,LA-358,25000000
401,LA-359,25000000
401,LA-360,25000000
401,LA-361,25000000
215,LA-362,913455
401,LA-362,23729233
215,LA-363,21465004
401,LA-363,3680717
215,LA-364,25000000
215,LA-365,25000000
215,LA-366,15694443
215,LA-367,12468417
401,LB-355,25000000
401,LB-356,25000000
401,LB-357,25000000
401,LB-358,25000000
401,LB-359,25000000
401,LB-360,25000000
401,LB-361,25000000
401,LB-362,25000000
215,LB-363,14479384
401,LB-363,7994488
215,LB-364,23209267
215,LB-365,25000000
215,LB-366,25000000
215,LB-367,21705697
401,LC-355,25000000
401,LC-356,25000000
401,LC-357,25000000
401,LC-358,25000000
401,LC-359,25000000
401,LC-360,25000000
401,LC-361,25000000
401,LC-362,25000000
215,LC-363,9312606
401,LC-363,8471011
215,LC-364,24164773
215,LC-365,25000000
215,LC-366,25000000
215,LC-367,24179931
401,LD-355,25000000
401,LD-356,25000000
401,LD-357,25000000
401,LD-358,25000000
401,LD-359,25000000
215,LD-360,2983367
401,LD-360,20695449
215,LD-361,4336465
401,LD-361,25000000
401,LD-362,25000000
215,LD-363,3244698
401,LD-363,19210170
215,LD-364,18276208
215,LD-365,22669384
215,LD-366,25000000
215,LD-367,24900291
401,LE-355,25000000
401,LE-356,25000000
401,LE-357,25000000
401,LE-358,25000000
215,LE-359,2485033
401,LE-359,16482705
215,LE-360,21867347
401,LE-360,2619794
215,LE-361,13549216
401,LE-361,12374069
401,LE-362,25000000
215,LE-363,11888927
401,LE-363,10946528
215,LE-364,11675492
215,LE-365,24994597
215,LE-366,25000000
215,LE-367,25000000
401,LF-355,25000000
401,LF-356,25000000
401,LF-357,25000000
401,LF-358,25000000
401,LF-359,25000000
215,LF-360,1991096
401,LF-360,22352677
215,LF-361,13292386
401,LF-361,11823174
215,LF-362,22205394
401,LF-362,2522040
215,LF-363,1368409
401,LF-363,24418602
215,LF-364,8295829
401,LF-364,12082331
215,LF-365,16484511
215,LF-366,19775784
215,LF-367,25000000
215,LG-355,7962696
401,LG-355,16457194
401,LG-356,25000000
401,LG-357,25000000
401,LG-358,25000000
401,LG-359,25000000
215,LG-360,125916
401,LG-360,25000000
215,LG-361,11179954
401,LG-361,10863477
215,LG-362,19178253
401,LG-362,62759
215,LG-363,5333257
401,LG-363,8666525
215,LG-364,13164592
401,LG-364,463698
215,LG-366,5543610
215,LG-367,23517664
215,LH-355,23542565
215,LH-356,13718922
401,LH-356,11277091
401,LH-357,25000000
401,LH-358,25000000
401,LH-359,25000000
401,LH-360,25000000
215,LH-361,13703537
401,LH-361,10847940
215,LH-362,24997811
215,LH-363,22454027
215,LH-364,23643034
215,LH-365,13337028
215,LH-367,903562
215,LI-355,22649751
401,LI-355,316432
215,LI-356,19152176
401,LI-356,6139954
215,LI-357,434056
401,LI-357,24690627
401,LI-358,25000000
401,LI-359,25000000
401,LI-360,25000000
215,LI-361,5446216
401,LI-361,18579928
215,LI-362,22142761
215,LI-363,24941968
215,LI-364,25000000
215,LI-365,6541282
215,LI-367,10886149
215,LJ-355,5395402
401,LJ-355,18920615
215,LJ-356,23896494
401,LJ-356,104140
215,LJ-357,24224094
401,LJ-357,1244495
215,LJ-358,5855160
401,LJ-358,18866599
401,LJ-359,24971146
401,LJ-360,25000000
401,LJ-361,25000000
215,LJ-362,4018517
401,LJ-362,19377161
215,LJ-363,24080335
215,LJ-364,25000000
215,LJ-365,23480349
215,LJ-366,1566179
215,LK-355,5372339
401,LK-355,18400775
215,LK-356,24950611
215,LK-357,25000000
215,LK-358,22076060
401,LK-358,1415008
215,LK-359,17221279
401,LK-359,7816226
215,LK-360,3006827
401,LK-360,23362986
401,LK-361,25000000
215,LK-362,6227690
401,LK-362,14994976
215,LK-363,25000000
215,LK-364,25000000
215,LK-365,17835960
215,LK-366,2582428
401,LL-355,24999999
215,LL-356,8499627
401,LL-356,16450251
215,LL-357,20682488
401,LL-357,764537
215,LL-358,24707277
215,LL-359,25000000
215,LL-360,24780246
401,LL-360,446304
215,LL-361,9903392
401,LL-361,15849526
215,LL-362,1253542
401,LL-362,22345670
215,LL-363,12616809
401,LL-363,11897385
215,LL-364,19768560
401,LL-364,55126
215,LL-365,25000000
215,LL-366,23489521
215,LL-367,3590733
401,LM-355,25000000
215,LM-356,248076
401,LM-356,24761901
215,LM-357,13493403
401,LM-357,7671605
215,LM-358,15424105
401,LM-358,12183121
215,LM-359,24965350
215,LM-360,25000000
215,LM-361,22767133
401,LM-361,2117429
215,LM-362,10399073
401,LM-362,13132081
215,LM-363,15772977
215,LM-364,23675607
215,LM-365,25000000
215,LM-366,24783158
215,LM-367,1438542
401,LN-355,25000000
401,LN-356,25000000
401,LN-357,25000000
215,LN-358,4678711
401,LN-358,21709335
215,LN-359,8488992
401,LN-359,17775309
215,LN-360,25000000
215,LN-361,25000000
215,LN-362,25000000
215,LN-363,23947415
215,LN-364,6586580
215,LN-365,11221178
215,LN-366,24887409
215,LN-367,24305080
401,LO-355,25000000
401,LO-356,25000000
401,LO-357,25000000
215,LO-358,3867413
401,LO-358,20723047
215,LO-359,24325626
401,LO-359,55893
215,LO-360,25000000
215,LO-361,25000000
215,LO-362,25000000
215,LO-363,25000000
215,LO-364,22974907
215,LO-365,20121564
215,LO-366,18830174
215,LO-367,25000000
401,LP-355,25000000
401,LP-356,25000000
401,LP-357,25000000
215,LP-358,3166697
401,LP-358,14436020
215,LP-359,13421150
401,LP-359,663668
215,LP-360,22663147
215,LP-361,24933151
215,LP-362,25000000
215,LP-363,25000000
215,LP-364,25000000
215,LP-365,25000000
215,LP-366,22398256
215,LP-367,25000000
401,LQ-355,25000000
401,LQ-356,20288820
401,LQ-357,1893740
215,LQ-358,3689650
215,LQ-359,3294185
215,LQ-360,6147943
215,LQ-361,25000000
215,LQ-362,25000000
215,LQ-363,25000000
215,LQ-364,25000000
215,LQ-365,25000000
215,LQ-366,25000000
215,LQ-367,25000000
401,LR-355,12736905
401,LR-356,8652589
215,LR-360,1249257
215,LR-361,12013066
215,LR-362,25000000
215,LR-363,25000000
215,LR-364,25000000
215,LR-365,25000000
215,LR-366,25000000
215,LR-367,25000000
215,LS-361,13381952
215,LS-362,22750574
215,LS-363,23511471
215,LS-364,24115843
215,LS-365,24843899
215,LS-366,25000000
215,LS-367,25000000
215,LT-362,165114
215,LT-363,470730
215,LT-364,932874
215,LT-365,1572762
215,LT-366,5600846
215,LT-367,11341340
